word,score
aback,3
abase,3
abate,3
abbey,3
abbot,3
abhor,3
abide,3
abled,2
abode,4
abort,3
about,3
above,3
abuse,3
abyss,3
acorn,3
acrid,3
actor,3
acute,3
adage,3
adapt,3
adept,3
admin,3
admit,4
adobe,4
adopt,3
adore,3
adorn,3
adult,3
affix,4
afire,3
afoot,4
afoul,3
after,2
again,3
agape,4
agate,3
agent,3
agile,3
aging,3
aglow,3
agony,3
agora,3
agree,3
ahead,3
aider,3
aisle,2
alarm,4
album,4
alert,3
algae,4
alibi,3
alien,2
align,3
alike,4
alive,4
allay,2
alley,3
allot,2
allow,3
alloy,3
aloft,3
alone,3
along,3
aloof,4
aloud,4
alpha,4
altar,3
alter,2
amass,3
amaze,4
amber,3
amble,4
amend,4
amiss,4
amity,3
among,4
ample,4
amply,3
amuse,3
angel,3
anger,3
angle,3
angry,3
angst,3
anime,4
ankle,3
annex,3
annoy,3
annul,3
anode,3
antic,3
anvil,4
aorta,3
apart,3
aphid,3
aping,4
apnea,3
apple,4
apply,4
apron,3
aptly,3
arbor,3
ardor,3
arena,4
argue,4
arise,3
armor,3
aroma,3
arose,4
array,4
arrow,4
arson,3
artsy,2
ascot,3
ashen,2
aside,3
askew,3
assay,3
asset,2
atoll,3
atone,3
attic,3
audio,3
audit,3
augur,4
aunty,3
avail,4
avert,3
avian,4
avoid,3
await,3
awake,4
award,4
aware,3
awash,3
awful,4
awoke,4
axial,4
axiom,4
axion,4
azure,4
bacon,3
badge,3
badly,3
bagel,3
baggy,4
baker,5
baler,2
balmy,3
banal,3
banjo,3
barge,3
baron,3
basal,2
basic,3
basil,3
basin,3
basis,3
baste,3
batch,3
bathe,2
baton,3
batty,3
bawdy,4
bayou,3
beach,3
beady,3
beard,2
beast,2
beech,3
beefy,4
befit,3
began,3
begat,3
beget,3
begin,3
begun,4
being,4
belch,3
belie,3
belle,3
belly,4
below,3
bench,4
beret,3
berry,4
berth,3
beset,3
betel,3
bevel,3
bezel,3
bible,3
bicep,3
biddy,4
bigot,3
bilge,3
billy,4
binge,4
bingo,4
biome,4
birch,3
birth,3
bison,4
bitty,4
black,3
blade,4
blame,4
bland,4
blank,4
blare,3
blast,2
blaze,5
bleak,4
bleat,3
bleed,3
bleep,4
blend,3
bless,3
blimp,4
blind,4
blink,4
bliss,3
blitz,3
bloat,3
block,3
bloke,3
blond,3
blood,4
bloom,3
blown,4
bluer,3
bluff,4
blunt,3
blurb,3
blurt,3
blush,3
board,3
boast,3
bobby,4
boney,4
bongo,3
bonus,3
booby,4
boost,3
booth,4
booty,3
booze,4
boozy,5
borax,3
borne,3
bosom,3
bossy,4
botch,3
bough,3
boule,4
bound,4
bowel,3
boxer,5
brace,3
braid,3
brain,3
brake,4
brand,3
brash,3
brass,3
brave,5
bravo,3
brawl,3
brawn,4
bread,3
break,3
breed,4
briar,3
bribe,4
brick,4
bride,4
brief,4
brine,3
bring,4
brink,4
briny,4
brisk,3
broad,3
broil,4
broke,4
brood,3
brook,4
broom,4
broth,3
brown,5
brunt,3
brush,3
brute,3
buddy,4
budge,4
buggy,4
bugle,4
build,3
built,3
bulge,4
bulky,3
bully,3
bunch,4
bunny,5
burly,3
burnt,3
burst,3
bused,3
bushy,3
butch,4
butte,3
buxom,4
buyer,4
bylaw,3
cabal,3
cabby,3
cabin,3
cable,3
cacao,3
cache,3
cacti,3
caddy,4
cadet,2
cagey,3
cairn,3
camel,3
cameo,3
canal,3
candy,3
canny,3
canoe,4
canon,3
caper,3
caput,3
carat,4
cargo,3
carol,3
carry,3
carve,3
caste,3
catch,4
cater,3
catty,3
caulk,4
cause,3
cavil,3
cease,3
cedar,3
cello,3
chafe,4
chaff,3
chain,4
chair,3
chalk,3
champ,4
chant,3
chaos,3
chard,4
charm,4
chart,3
chase,3
chasm,3
cheap,4
cheat,3
check,4
cheek,4
cheer,4
chess,3
chest,3
chick,4
chide,4
chief,4
child,3
chili,4
chill,5
chime,4
china,4
chirp,3
chock,3
choir,4
choke,4
chord,3
chore,3
chose,3
chuck,3
chump,4
chunk,4
churn,3
chute,3
cider,4
cigar,4
cinch,3
circa,4
civic,4
civil,4
clack,4
claim,3
clamp,4
clang,3
clank,4
clash,3
clasp,3
class,3
clean,4
clear,3
cleat,3
cleft,3
clerk,3
click,4
cliff,4
climb,4
cling,4
clink,4
cloak,3
clock,3
clone,3
close,3
cloth,3
cloud,3
clout,3
clove,4
clown,4
cluck,3
clued,4
clump,4
clung,5
coach,3
coast,3
cobra,4
cocoa,4
colon,3
color,4
comet,3
comfy,4
comic,3
comma,4
conch,4
condo,3
conic,4
copse,4
coral,3
corer,4
corny,3
couch,3
cough,4
could,3
count,3
coupe,3
court,3
coven,4
cover,4
covet,4
covey,3
cower,3
coyly,3
crack,4
craft,3
cramp,4
crane,4
crank,3
crash,3
crass,3
crate,3
crave,4
crawl,3
craze,4
crazy,4
creak,4
cream,4
credo,3
creed,4
creek,5
creep,4
creme,4
crepe,4
crept,3
cress,3
crest,3
crick,3
cried,4
crier,4
crime,4
crimp,4
crisp,3
croak,4
crock,4
crone,3
crony,4
crook,4
cross,3
croup,3
crowd,3
crown,4
crude,4
cruel,3
crumb,3
crump,4
crush,3
crust,3
crypt,3
cubic,3
cumin,4
curio,4
curly,3
curry,3
curse,3
curve,4
curvy,3
cutie,3
cyber,4
cycle,4
cynic,4
daddy,4
daily,3
dairy,3
daisy,3
dally,3
dance,3
dandy,3
datum,3
daunt,3
dealt,3
death,3
debar,3
debit,4
debug,3
debut,3
decal,4
decay,3
decor,3
decoy,3
decry,3
defer,4
deign,3
deity,3
delay,2
delta,2
delve,3
demon,3
demur,4
denim,4
dense,3
depot,3
depth,3
derby,4
deter,3
detox,3
deuce,3
devil,3
diary,3
dicey,3
digit,3
dilly,4
dimly,3
diner,3
dingo,3
dingy,3
diode,3
dirge,3
dirty,3
disco,3
ditch,4
ditto,3
ditty,4
diver,4
dizzy,4
dodge,3
dodgy,4
dogma,4
doing,4
dolly,4
donor,4
donut,4
dopey,3
doubt,3
dough,3
dowdy,3
dowel,3
downy,4
dowry,3
dozen,3
draft,3
drain,3
drake,3
drama,3
drank,3
drape,4
drawl,4
drawn,4
dread,3
dream,3
dress,4
dried,4
drier,3
drift,3
drill,3
drink,3
drive,3
droit,3
droll,3
drone,2
drool,4
droop,3
dross,3
drove,3
drown,4
druid,3
drunk,3
dryer,4
dryly,4
duchy,3
dully,4
dummy,4
dumpy,3
dunce,3
dusky,3
dusty,3
dutch,4
duvet,3
dwarf,4
dwell,3
dwelt,3
dying,4
eager,3
eagle,3
early,3
earth,3
easel,2
eaten,3
eater,3
ebony,3
eclat,2
edict,3
edify,3
eerie,4
egret,3
eight,3
eject,3
eking,3
elate,3
elbow,3
elder,4
elect,3
elegy,3
elfin,3
elide,3
elite,3
elope,3
elude,3
email,3
embed,3
ember,4
emcee,4
empty,4
enact,3
endow,3
enema,3
enemy,4
enjoy,3
ennui,4
ensue,4
enter,4
entry,4
envoy,4
epoch,3
epoxy,4
equal,4
equip,4
erase,3
erect,4
erode,3
error,3
erupt,3
essay,4
ester,2
ether,3
ethic,3
ethos,3
etude,3
evade,4
event,3
every,4
evict,4
evoke,4
exact,4
exalt,4
excel,4
exert,3
exile,3
exist,3
expel,4
extol,3
extra,3
exult,3
eying,4
fable,3
facet,3
faint,3
fairy,4
faith,4
false,2
fancy,3
fanny,3
farce,3
fatal,2
fatty,4
fault,2
fauna,3
favor,4
feast,3
fecal,4
feign,4
fella,3
felon,3
femme,4
femur,4
fence,4
feral,3
ferry,5
fetal,3
fetch,4
fetid,4
fetus,3
fever,4
fewer,3
fiber,4
fibre,4
ficus,3
field,3
fiend,3
fiery,5
fifth,3
fifty,4
fight,4
filer,3
filet,2
filly,3
filmy,3
filth,2
final,4
finch,4
finer,3
first,3
fishy,3
fixer,4
fizzy,4
fjord,3
flack,4
flail,4
flair,3
flake,4
flaky,4
flame,4
flank,4
flare,4
flash,3
flask,3
fleck,3
fleet,2
flesh,3
flick,3
flier,4
fling,3
flint,3
flirt,3
float,3
flock,4
flood,4
floor,4
flora,3
floss,3
flour,3
flout,3
flown,4
fluff,4
fluid,3
fluke,4
flume,4
flung,3
flunk,4
flush,3
flute,3
flyer,4
foamy,4
focal,3
focus,3
foggy,4
foist,3
folio,3
folly,4
foray,3
force,4
forge,3
forgo,4
forte,3
forth,3
forty,3
forum,3
found,4
foyer,4
frail,4
frame,4
frank,4
fraud,3
freak,4
freed,4
freer,5
fresh,3
friar,4
fried,5
frill,4
frisk,4
fritz,3
frock,3
frond,4
front,3
frost,3
froth,4
frown,5
froze,4
fruit,3
fudge,4
fugue,4
fully,3
fungi,4
funky,4
funny,5
furor,3
furry,3
fussy,4
fuzzy,5
gaffe,4
gaily,3
gamer,3
gamma,3
gamut,3
gassy,3
gaudy,4
gauge,3
gaunt,3
gauze,4
gavel,4
gawky,4
gayer,3
gayly,3
gazer,3
gecko,3
geeky,4
geese,3
genie,4
genre,3
ghost,3
ghoul,3
giant,4
giddy,4
gipsy,4
girly,4
girth,4
given,4
giver,5
glade,3
gland,4
glare,3
glass,3
glaze,4
gleam,3
glean,3
glide,3
glint,3
gloat,3
globe,4
gloom,4
glory,3
gloss,3
glove,4
glyph,4
gnash,3
gnome,3
godly,3
going,4
golem,3
golly,3
gonad,3
goner,3
goody,4
gooey,4
goofy,4
goose,3
gorge,4
gouge,4
gourd,3
grace,4
grade,4
graft,3
grail,4
grain,3
grand,3
grant,4
grape,5
graph,4
grasp,3
grass,3
grate,2
grave,4
gravy,4
graze,4
great,3
greed,5
green,4
greet,3
grief,5
grill,4
grime,4
grimy,4
grind,3
gripe,4
groan,3
groin,4
groom,4
grope,4
gross,4
group,4
grout,3
grove,5
growl,3
grown,4
gruel,4
gruff,3
grunt,3
guard,4
guava,4
guess,3
guest,3
guide,4
guild,4
guile,3
guilt,3
guise,4
gulch,3
gully,3
gumbo,3
gummy,4
guppy,4
gusto,3
gusty,3
gypsy,4
habit,3
hairy,5
halve,2
handy,4
happy,4
hardy,4
harem,3
harpy,4
harry,4
harsh,3
haste,3
hasty,3
hatch,4
hater,3
haunt,3
haute,3
haven,3
havoc,3
hazel,4
heady,3
heard,3
heart,3
heath,4
heave,3
heavy,4
hedge,4
hefty,4
heist,3
helix,3
hello,3
hence,4
heron,3
hilly,4
hinge,4
hippo,4
hippy,4
hitch,4
hoard,3
hobby,4
hoist,4
holly,4
homer,4
honey,4
honor,4
horde,3
horny,3
horse,3
hotel,2
hotly,3
hound,4
house,3
hovel,3
hover,4
howdy,4
human,4
humid,3
humor,4
humph,4
humus,3
hunch,4
hunky,5
hurry,4
husky,3
hussy,4
hutch,4
hydro,3
hyena,4
hymen,4
hyper,4
icily,4
icing,4
ideal,4
idiom,4
idiot,3
idler,3
idyll,4
igloo,3
iliac,3
image,4
imbue,4
impel,4
imply,4
inane,4
inbox,3
incur,3
index,3
inept,3
inert,3
infer,4
ingot,3
inlay,3
inlet,3
inner,4
input,3
inter,4
intro,3
ionic,3
irate,4
irony,4
islet,2
issue,4
itchy,4
ivory,3
jaunt,4
jazzy,4
jelly,4
jerky,4
jetty,3
jewel,3
jiffy,5
joint,3
joist,5
joker,4
jolly,4
joust,4
judge,5
juice,4
juicy,4
jumbo,4
jumpy,4
junta,4
junto,3
juror,4
kappa,4
karma,3
kayak,3
kebab,3
khaki,4
kinky,4
kiosk,4
kitty,4
knack,4
knave,4
knead,4
kneed,3
kneel,4
knelt,3
knife,4
knock,3
knoll,4
known,4
koala,4
krill,4
label,3
labor,4
laden,3
ladle,4
lager,3
lance,3
lanky,3
lapel,4
lapse,2
large,3
larva,4
lasso,3
latch,3
later,2
lathe,2
latte,3
laugh,3
layer,3
leach,4
leafy,4
leaky,4
leant,3
leapt,3
learn,3
lease,3
leash,3
least,2
leave,4
ledge,3
leech,3
leery,3
lefty,3
legal,3
leggy,4
lemon,3
lemur,4
leper,3
level,3
lever,3
libel,3
liege,3
light,3
liken,4
lilac,3
limbo,4
limit,3
linen,4
liner,4
lingo,4
lipid,3
lithe,3
liver,3
livid,4
llama,4
loamy,3
loath,3
lobby,4
local,4
locus,3
lodge,3
lofty,3
logic,3
login,4
loopy,4
loose,3
lorry,3
loser,2
louse,3
lousy,3
lover,3
lower,3
lowly,4
loyal,4
lucid,3
lucky,3
lumen,4
lumpy,3
lunar,3
lunch,4
lunge,4
lupus,3
lurch,3
lurid,3
lusty,2
lying,4
lymph,4
lynch,4
lyric,3
macaw,3
macho,4
macro,3
madam,4
madly,3
mafia,4
magic,4
magma,4
maize,3
major,4
maker,3
mambo,3
mamma,4
mammy,5
manga,3
mange,4
mango,4
mangy,4
mania,4
manic,3
manly,4
manor,3
maple,3
march,3
marry,4
marsh,4
mason,3
masse,3
match,4
matey,3
mauve,3
maxim,4
maybe,3
mayor,3
mealy,4
meant,3
meaty,4
mecca,3
medal,3
media,4
medic,4
melee,3
melon,3
mercy,4
merge,4
merit,3
merry,4
metal,3
meter,3
metro,3
micro,3
midge,4
midst,3
might,4
milky,3
mimic,4
mince,4
miner,4
minim,4
minor,4
minty,3
minus,3
mirth,5
miser,3
missy,3
mocha,4
modal,4
model,4
modem,4
mogul,3
moist,3
molar,3
moldy,4
money,4
month,3
moody,5
moose,4
moral,3
moron,4
morph,4
mossy,3
motel,3
motif,4
motor,3
motto,4
moult,3
mound,4
mount,4
mourn,3
mouse,4
mouth,4
mover,4
movie,4
mower,4
mucky,4
mucus,3
muddy,4
mulch,3
mummy,4
munch,4
mural,3
murky,3
mushy,3
music,3
musky,3
musty,3
myrrh,3
nadir,3
naive,3
nanny,4
nasal,3
nasty,3
natal,3
naval,3
navel,3
needy,3
neigh,4
nerdy,3
nerve,4
never,4
newer,3
newly,4
nicer,4
niche,4
niece,4
night,3
ninja,4
ninny,4
ninth,3
noble,4
nobly,4
noise,3
noisy,4
nomad,4
noose,3
north,2
nosey,3
notch,3
novel,4
nudge,3
nurse,3
nutty,3
nylon,3
nymph,3
oaken,3
obese,4
occur,3
ocean,4
octal,3
octet,3
odder,3
oddly,3
offal,4
offer,3
often,3
olden,4
older,4
olive,4
ombre,4
omega,4
onion,4
onset,3
opera,4
opine,3
opium,4
optic,4
orbit,3
order,4
organ,3
other,3
otter,3
ought,3
ounce,3
outdo,3
outer,3
outgo,4
ovary,4
ovate,4
overt,4
ovine,4
ovoid,3
owing,4
owner,3
oxide,3
ozone,3
paddy,4
pagan,4
paint,4
paler,3
palsy,2
panel,3
panic,4
pansy,3
papal,4
paper,4
parer,3
parka,4
parry,4
parse,3
party,3
pasta,3
paste,3
pasty,3
patch,4
patio,3
patsy,4
patty,4
pause,3
payee,3
payer,3
peace,4
peach,4
pearl,3
pecan,4
pedal,4
penal,3
pence,4
penne,3
penny,4
perch,4
peril,3
perky,5
pesky,4
pesto,3
petal,3
petty,4
phase,4
phone,4
phony,4
photo,3
piano,3
picky,4
piece,4
piety,3
piggy,4
pilot,2
pinch,4
piney,4
pinky,4
pinto,4
piper,4
pique,4
pitch,4
pithy,3
pivot,4
pixel,4
pixie,4
pizza,4
place,5
plaid,4
plain,4
plait,3
plane,3
plank,4
plant,3
plate,3
plaza,4
plead,4
pleat,3
plied,4
plier,4
pluck,3
plumb,4
plume,5
plump,5
plunk,4
plush,3
poesy,3
point,4
poise,3
poker,5
polar,4
polka,3
polyp,4
pooch,4
poppy,4
porch,3
poser,3
posit,3
posse,4
pouch,3
pound,4
pouty,4
power,5
prank,5
prawn,4
preen,5
press,5
price,4
prick,4
pride,3
pried,4
prime,4
primo,4
print,3
prior,4
prism,3
privy,4
prize,4
probe,3
prone,4
prong,4
proof,4
prose,3
proud,3
prove,4
prowl,4
proxy,4
prude,4
prune,4
psalm,3
pubic,4
pudgy,4
puffy,4
pulpy,4
pulse,2
punch,4
pupal,4
pupil,4
puppy,4
puree,4
purer,5
purge,4
purse,4
pushy,4
putty,4
pygmy,4
quack,4
quail,4
quake,4
qualm,4
quark,4
quart,3
quash,4
quasi,4
queen,4
queer,4
quell,4
query,4
quest,3
queue,4
quick,4
quiet,4
quill,4
quilt,4
quirk,4
quite,3
quota,3
quote,4
quoth,3
rabbi,4
rabid,3
racer,4
radar,4
radii,4
radio,4
rainy,3
raise,3
rajah,4
rally,2
ralph,3
ramen,4
ranch,3
randy,3
range,3
rapid,4
rarer,4
raspy,3
ratio,3
ratty,3
raven,4
rayon,3
razor,4
reach,3
react,3
ready,3
realm,3
rearm,4
rebar,3
rebel,3
rebus,3
rebut,3
recap,3
recur,4
recut,3
reedy,3
refer,4
refit,3
regal,3
rehab,4
reign,3
relax,3
relay,3
relic,3
remit,4
renal,3
renew,3
repay,4
repel,3
reply,4
rerun,4
reset,3
resin,3
retch,4
retro,4
retry,4
reuse,3
revel,3
revue,4
rhino,4
rhyme,4
rider,3
ridge,3
rifle,4
right,3
rigid,4
rigor,4
rinse,3
ripen,3
riper,3
risen,3
riser,3
risky,4
rival,4
river,4
rivet,3
roach,4
roast,3
robin,4
robot,4
rocky,4
rodeo,3
roger,3
rogue,4
roomy,4
roost,3
rotor,4
rouge,4
rough,3
round,3
rouse,3
route,4
rover,4
rowdy,3
rower,3
royal,3
ruddy,3
ruder,4
rugby,4
ruler,3
rumba,3
rumor,4
rupee,4
rural,4
rusty,3
sadly,2
safer,2
saint,2
salad,3
sally,3
salon,3
salsa,3
salty,2
salve,2
salvo,3
sandy,3
saner,3
sappy,3
sassy,3
satin,2
satyr,3
sauce,2
saucy,3
sauna,3
saute,2
savor,3
savoy,3
savvy,4
scald,3
scale,2
scalp,4
scaly,5
scamp,3
scant,3
scare,3
scarf,3
scary,4
scene,3
scent,2
scion,4
scoff,4
scold,4
scone,4
scoop,3
scope,3
score,4
scorn,3
scour,3
scout,3
scowl,4
scram,3
scrap,3
scree,3
screw,3
scrub,3
scrum,4
scuba,3
sedan,3
seedy,3
segue,4
seize,3
semen,3
sense,3
sepia,3
serif,3
serum,4
serve,4
setup,3
seven,4
sever,3
sewer,3
shack,3
shade,3
shady,3
shaft,3
shake,4
shaky,4
shale,3
shall,3
shalt,2
shame,3
shank,4
shape,3
shard,3
share,3
shark,4
sharp,3
shave,5
shawl,3
shear,3
sheen,3
sheep,4
sheer,3
sheet,2
sheik,3
shelf,3
shell,4
shied,3
shift,3
shine,3
shiny,3
shire,3
shirk,3
shirt,3
shoal,4
shock,3
shone,4
shook,4
shoot,4
shore,4
shorn,4
short,4
shout,3
shove,4
shown,3
showy,4
shrew,3
shrub,4
shrug,4
shuck,3
shunt,3
shush,4
shyly,3
siege,3
sieve,4
sight,3
sigma,3
silky,2
silly,3
since,3
sinew,3
singe,4
siren,3
sissy,3
sixth,3
sixty,4
skate,3
skier,4
skiff,4
skill,3
skimp,3
skirt,3
skulk,3
skull,3
skunk,4
slack,3
slain,3
slang,3
slant,3
slash,3
slate,2
slave,3
sleek,2
sleep,3
sleet,2
slept,2
slice,3
slick,3
slide,3
slime,3
slimy,3
sling,3
slink,3
sloop,4
slope,3
slosh,3
sloth,2
slump,3
slung,3
slunk,3
slurp,4
slush,4
slyly,4
smack,3
small,3
smart,3
smash,3
smear,3
smell,3
smelt,3
smile,3
smirk,4
smite,3
smith,3
smock,4
smoke,3
smoky,4
smote,3
snack,4
snail,3
snake,3
snaky,4
snare,4
snarl,3
sneak,4
sneer,3
snide,3
sniff,3
snipe,3
snoop,3
snore,3
snort,3
snout,3
snowy,3
snuck,3
snuff,4
soapy,4
sober,4
soggy,4
solar,2
solid,3
solve,2
sonar,3
sonic,3
sooth,4
sooty,3
sorry,3
sound,4
south,4
sower,3
space,3
spade,4
spank,3
spare,3
spark,3
spasm,3
spawn,4
speak,4
spear,3
speck,3
speed,3
spell,3
spelt,3
spend,3
spent,3
sperm,3
spice,3
spicy,3
spied,3
spiel,3
spike,3
spiky,4
spill,3
spilt,2
spine,3
spiny,3
spire,3
spite,3
splat,2
split,2
spoil,3
spoke,3
spoof,3
spook,4
spool,3
spoon,3
spore,4
sport,4
spout,3
spray,3
spree,4
sprig,3
spunk,3
spurn,3
spurt,3
squad,3
squat,3
squib,3
stack,3
staff,3
stage,3
staid,3
stain,3
stair,3
stake,3
stale,3
stalk,2
stall,3
stamp,3
stand,3
stank,3
stare,3
stark,3
start,3
stash,4
state,3
stave,4
stead,3
steak,3
steal,3
steam,4
steed,2
steel,2
steep,3
steer,4
stein,3
stern,3
stick,3
stiff,4
still,3
stilt,3
sting,3
stink,3
stint,3
stock,3
stoic,3
stoke,3
stole,2
stomp,3
stone,3
stony,3
stood,4
stool,3
stoop,4
store,3
stork,4
storm,4
story,4
stout,4
stove,4
strap,3
straw,3
stray,4
strip,3
strut,3
stuck,3
study,3
stuff,4
stump,3
stung,3
stunk,3
stunt,3
style,3
suave,4
sugar,4
suing,3
suite,4
sulky,3
sully,3
sumac,3
sunny,4
super,4
surer,4
surge,4
surly,4
sushi,3
swami,3
swamp,3
swarm,3
swash,4
swath,4
swear,3
sweat,2
sweep,3
sweet,3
swell,4
swept,3
swift,3
swill,3
swine,4
swing,4
swirl,4
swish,4
swoon,4
swoop,4
sword,3
swore,4
sworn,5
swung,4
synod,4
syrup,3
tabby,3
table,3
taboo,4
tacit,3
tacky,3
taffy,4
taint,3
taken,3
taker,3
tally,2
talon,3
tamer,4
tango,4
tangy,4
taper,5
tapir,3
tardy,4
tarot,3
taste,4
tasty,3
tatty,5
taunt,3
tawny,4
teach,3
teary,3
tease,2
teddy,3
teeth,3
tempo,4
tenet,3
tenor,3
tense,3
tenth,4
tepee,3
tepid,3
terra,4
terse,3
testy,3
thank,3
theft,4
their,3
theme,3
there,3
these,3
theta,3
thick,4
thief,3
thigh,4
thing,3
think,4
third,3
thong,3
thorn,3
those,3
three,3
threw,4
throb,3
throw,4
thrum,3
thumb,4
thump,4
thyme,4
tiara,3
tibia,3
tidal,3
tiger,4
tight,5
tilde,2
timer,3
timid,3
tipsy,3
titan,3
tithe,3
title,2
toast,3
today,3
toddy,4
token,3
tonal,3
tonga,3
tonic,3
tooth,4
topaz,4
topic,3
torch,3
torso,3
torus,3
total,3
totem,3
touch,4
tough,4
towel,3
tower,3
toxic,4
toxin,4
trace,3
track,3
tract,3
trade,4
trail,3
train,3
trait,4
tramp,3
trash,3
trawl,4
tread,3
treat,4
trend,3
triad,4
trial,3
tribe,3
trice,4
trick,3
tried,3
tripe,5
trite,2
troll,2
troop,4
trope,3
trout,3
trove,4
truce,4
truck,4
truer,3
truly,3
trump,4
trunk,3
truss,3
trust,4
truth,3
tryst,4
tubal,4
tuber,4
tulip,3
tulle,3
tumor,3
tunic,3
turbo,3
tutor,4
twang,4
tweak,3
tweed,4
tweet,3
twice,3
twine,4
twirl,3
twist,3
twixt,3
tying,4
udder,4
ulcer,4
ultra,3
umbra,4
uncle,4
uncut,3
under,4
undid,4
undue,4
unfed,4
unfit,3
unify,4
union,4
unite,4
unity,4
unlit,3
unmet,3
unset,3
untie,4
until,3
unwed,3
unzip,4
upper,4
upset,3
urban,3
urine,4
usage,3
usher,3
using,3
usual,3
usurp,4
utile,3
utter,4
vague,3
valet,2
valid,3
valor,3
value,3
valve,3
vapid,4
vapor,4
vault,3
vaunt,5
vegan,4
venom,4
venue,4
verge,4
verse,4
verso,3
verve,4
vicar,4
video,3
vigil,4
vigor,5
villa,3
vinyl,4
viola,3
viper,4
viral,3
virus,4
visit,3
visor,4
vista,3
vital,3
vivid,3
vixen,4
vocal,5
vodka,4
vogue,4
voice,4
voila,3
vomit,3
voter,4
vouch,4
vowel,3
vying,4
wacky,3
wafer,4
wager,4
wagon,4
waist,2
waive,4
waltz,3
warty,4
waste,5
watch,4
water,4
waver,5
waxen,4
weary,3
weave,4
wedge,4
weedy,4
weigh,4
weird,4
welch,3
welsh,3
wench,4
whack,4
whale,4
wharf,4
wheat,3
wheel,5
whelp,4
where,4
which,4
whiff,4
while,4
whine,4
whiny,4
whirl,3
whisk,3
white,4
whole,4
whoop,4
whose,4
widen,3
wider,3
widow,4
width,4
wield,4
wight,4
willy,4
wimpy,4
wince,5
winch,4
windy,4
wiser,3
wispy,4
witch,5
witty,5
woken,3
woman,4
women,4
woody,4
wooer,3
wooly,3
woozy,4
wordy,4
world,3
worry,3
worse,3
worst,3
worth,4
would,3
wound,5
woven,5
wrack,4
wrath,3
wreak,4
wreck,3
wrest,3
wring,4
wrist,3
write,3
wrong,4
wrote,4
wrung,4
wryly,4
yacht,3
yearn,4
yeast,4
yield,5
young,4
youth,4
zebra,3
zesty,3
zonal,3
